categoryName,description
Termite Control,in purus eu magna vulputate luctus cum sociis natoque penatibus et magnis dis parturient
Framing (Wood),mi pede malesuada in imperdiet et commodo vulputate justo in
Electrical and Fire Alarm,morbi non quam nec dui luctus rutrum nulla tellus in sagittis dui vel nisl duis
"Doors, Frames & Hardware",vehicula condimentum curabitur in libero ut massa volutpat convallis
Electrical and Fire Alarm,proin at turpis a pede posuere nonummy integer non velit donec diam neque vestibulum eget
Elevator,lacus at turpis donec posuere metus vitae ipsum aliquam
Wall Protection,rutrum neque aenean auctor gravida sem praesent id massa id nisl
Exterior Signage,vel augue vestibulum rutrum rutrum neque aenean auctor gravida sem praesent id
Framing (Steel),ut at dolor quis odio consequat varius integer ac
Masonry,eleifend pede libero quis orci nullam molestie nibh in
